dt,difference,theta
0.1,9.14158e-13,0.689851
0.1,0,0.880402
0.01,3.08109e-12,0.687799
0.01,4.21885e-15,0.883019
0.001,4.14113e-14,0.687775
0.001,4.9849e-13,0.883021
0.0001,-7.21645e-14,0.687775
0.0001,1.29163e-12,0.883021
1e-05,-6.28941e-13,0.687775
1e-05,-6.13753e-12,0.883021
1e-06,-3.12339e-12,0.687775
1e-06,-3.65874e-11,0.883021
1e-07,-1.75994e-10,0.687775
1e-07,-6.83052e-10,0.883021
