dt,theta1,theta2
0.1,0.689851,0.880402
0.01,0.687799,0.883019
0.001,0.687775,0.883021
0.0001,0.687775,0.883021
1e-05,0.687775,0.883021
